time,block,fee-rate,function,sender,,,,,,,,,
2021-09-08T19:12:10.000Z,29110,23240,SP497E7RX3233ATBS2AB9G4WTHB63X5PBSP5VGAQ.boom-nfts,mint-series,SPM6Q24H3R7FA3WE4690TQ2JQ6E125XZHP47HQYY,(ok (tuple (count u1) (ids (list u5193)) (series-id u937))),SPM6Q24H3R7FA3WE4690TQ2JQ6E125XZHP47HQYY,none,none,"u""BTC ROCK #1""",https://boom-nft-41369b66-36da-4442-be60-fff6d755b065.s3.amazonaws.com/52d4dc02-dde0-4513-a4a8-31f937594d0c.jpeg,image/jpeg,"(list (tuple (hash 0x08ea776bb958c5f7a031f674f97bc958b89d13ebacab6e96382e509677992b7d) (mime-type ""image/jpeg"") (name u""BTC ROCK #1 #1"") (number u1) (uri ""https://boom-nft-41369b66-36da-4442-be60-fff6d755b065.s3.amazonaws.com/52d4dc02-dde0-4513-a4a8-31f937594d0c.jpeg"")))"
2021-09-12T05:00:05.000Z,29538,233200,SP497E7RX3233ATBS2AB9G4WTHB63X5PBSP5VGAQ.boom-nfts,mint-series,SPM6Q24H3R7FA3WE4690TQ2JQ6E125XZHP47HQYY,(ok (tuple (count u1) (ids (list u5239)) (series-id u961))),SPM6Q24H3R7FA3WE4690TQ2JQ6E125XZHP47HQYY,none,none,"u""BTC ROCK #10""",https://boom-nft-41369b66-36da-4442-be60-fff6d755b065.s3.amazonaws.com/6a4ec164-8ec4-4077-b616-77db97022620.jpeg,image/jpeg,"(list (tuple (hash 0xadde284f674f0d3d323c706b331600b9f1111d60bae7955dadda3e017524933a) (mime-type ""image/jpeg"") (name u""BTC ROCK #10 #1"") (number u1) (uri ""https://boom-nft-41369b66-36da-4442-be60-fff6d755b065.s3.amazonaws.com/6a4ec164-8ec4-4077-b616-77db97022620.jpeg"")))"
2021-09-12T05:00:05.000Z,29538,2332,SP497E7RX3233ATBS2AB9G4WTHB63X5PBSP5VGAQ.boom-nfts,mint-series,SPM6Q24H3R7FA3WE4690TQ2JQ6E125XZHP47HQYY,(ok (tuple (count u1) (ids (list u5240)) (series-id u962))),SPM6Q24H3R7FA3WE4690TQ2JQ6E125XZHP47HQYY,none,none,"u""BTC ROCK #11""",https://boom-nft-41369b66-36da-4442-be60-fff6d755b065.s3.amazonaws.com/e41aba90-3b86-4e6a-a876-05b6b76bceb4.jpeg,image/jpeg,"(list (tuple (hash 0x17f947e671afc209bed30410c8c0263973ed2abd8c649a3815992fad1e8e3f70) (mime-type ""image/jpeg"") (name u""BTC ROCK #11 #1"") (number u1) (uri ""https://boom-nft-41369b66-36da-4442-be60-fff6d755b065.s3.amazonaws.com/e41aba90-3b86-4e6a-a876-05b6b76bceb4.jpeg"")))"
2021-09-12T05:00:05.000Z,29538,2332,SP497E7RX3233ATBS2AB9G4WTHB63X5PBSP5VGAQ.boom-nfts,mint-series,SPM6Q24H3R7FA3WE4690TQ2JQ6E125XZHP47HQYY,(ok (tuple (count u1) (ids (list u5241)) (series-id u963))),SPM6Q24H3R7FA3WE4690TQ2JQ6E125XZHP47HQYY,none,none,"u""BTC ROCK #12""",https://boom-nft-41369b66-36da-4442-be60-fff6d755b065.s3.amazonaws.com/e86f3f03-2893-45e6-9516-121ef2d4acf6.jpeg,image/jpeg,"(list (tuple (hash 0x8c3d67969434c2b416e2368e6eca8891353d55c62cdf3c7e36f80333872c1485) (mime-type ""image/jpeg"") (name u""BTC ROCK #12 #1"") (number u1) (uri ""https://boom-nft-41369b66-36da-4442-be60-fff6d755b065.s3.amazonaws.com/e86f3f03-2893-45e6-9516-121ef2d4acf6.jpeg"")))"
2021-09-12T05:00:05.000Z,29538,2332,SP497E7RX3233ATBS2AB9G4WTHB63X5PBSP5VGAQ.boom-nfts,mint-series,SPM6Q24H3R7FA3WE4690TQ2JQ6E125XZHP47HQYY,(ok (tuple (count u1) (ids (list u5242)) (series-id u964))),SPM6Q24H3R7FA3WE4690TQ2JQ6E125XZHP47HQYY,none,none,"u""BTC ROCK #13""",https://boom-nft-41369b66-36da-4442-be60-fff6d755b065.s3.amazonaws.com/b5243356-83fb-4f93-86bd-67d4498c0b7c.jpeg,image/jpeg,"(list (tuple (hash 0x7c25f66ebec5ad4c89dbb52a8c57609f832e759580d5f3c87cc1fb8691c87e4a) (mime-type ""image/jpeg"") (name u""BTC ROCK #13 #1"") (number u1) (uri ""https://boom-nft-41369b66-36da-4442-be60-fff6d755b065.s3.amazonaws.com/b5243356-83fb-4f93-86bd-67d4498c0b7c.jpeg"")))"
2021-09-12T05:00:05.000Z,29538,2332,SP497E7RX3233ATBS2AB9G4WTHB63X5PBSP5VGAQ.boom-nfts,mint-series,SPM6Q24H3R7FA3WE4690TQ2JQ6E125XZHP47HQYY,(ok (tuple (count u1) (ids (list u5243)) (series-id u965))),SPM6Q24H3R7FA3WE4690TQ2JQ6E125XZHP47HQYY,none,none,"u""BTC ROCK #14""",https://boom-nft-41369b66-36da-4442-be60-fff6d755b065.s3.amazonaws.com/9423daf1-fbd2-40c7-8300-c1e013ceb598.jpeg,image/jpeg,"(list (tuple (hash 0x4c9ce20d87582de5e48c3e283ec8910f5c87b121933c832ba4d8bcdc67a200f2) (mime-type ""image/jpeg"") (name u""BTC ROCK #14 #1"") (number u1) (uri ""https://boom-nft-41369b66-36da-4442-be60-fff6d755b065.s3.amazonaws.com/9423daf1-fbd2-40c7-8300-c1e013ceb598.jpeg"")))"
2021-09-16T14:19:24.000Z,30120,23320,SP497E7RX3233ATBS2AB9G4WTHB63X5PBSP5VGAQ.boom-nfts,mint-series,SPM6Q24H3R7FA3WE4690TQ2JQ6E125XZHP47HQYY,(ok (tuple (count u1) (ids (list u5353)) (series-id u999))),SPM6Q24H3R7FA3WE4690TQ2JQ6E125XZHP47HQYY,none,none,"u""BTC ROCK #15""",https://boom-nft-41369b66-36da-4442-be60-fff6d755b065.s3.amazonaws.com/7975d2da-aa8d-4eaa-be2f-610b4986e1f3.jpeg,image/jpeg,"(list (tuple (hash 0x806023205f4f411e6a5b85645b8c01ed9caa6772736ea192c40772ed44a9f42e) (mime-type ""image/jpeg"") (name u""BTC ROCK #15 #1"") (number u1) (uri ""https://boom-nft-41369b66-36da-4442-be60-fff6d755b065.s3.amazonaws.com/7975d2da-aa8d-4eaa-be2f-610b4986e1f3.jpeg"")))"
2021-09-12T05:02:51.000Z,29539,23320,SP497E7RX3233ATBS2AB9G4WTHB63X5PBSP5VGAQ.boom-nfts,mint-series,SPM6Q24H3R7FA3WE4690TQ2JQ6E125XZHP47HQYY,(ok (tuple (count u1) (ids (list u5244)) (series-id u966))),SPM6Q24H3R7FA3WE4690TQ2JQ6E125XZHP47HQYY,none,none,"u""BTC ROCK #15""",https://boom-nft-41369b66-36da-4442-be60-fff6d755b065.s3.amazonaws.com/b7f6eeea-b10c-402c-b132-0d72fe95c4a2.jpeg,image/jpeg,"(list (tuple (hash 0x806023205f4f411e6a5b85645b8c01ed9caa6772736ea192c40772ed44a9f42e) (mime-type ""image/jpeg"") (name u""BTC ROCK #15 #1"") (number u1) (uri ""https://boom-nft-41369b66-36da-4442-be60-fff6d755b065.s3.amazonaws.com/b7f6eeea-b10c-402c-b132-0d72fe95c4a2.jpeg"")))"
2021-09-16T14:19:24.000Z,30120,23320,SP497E7RX3233ATBS2AB9G4WTHB63X5PBSP5VGAQ.boom-nfts,mint-series,SPM6Q24H3R7FA3WE4690TQ2JQ6E125XZHP47HQYY,(ok (tuple (count u1) (ids (list u5351)) (series-id u997))),SPM6Q24H3R7FA3WE4690TQ2JQ6E125XZHP47HQYY,none,none,"u""BTC ROCK #16""",https://boom-nft-41369b66-36da-4442-be60-fff6d755b065.s3.amazonaws.com/66bf4e01-6c16-4ee9-991a-31bd248e0a12.jpeg,image/jpeg,"(list (tuple (hash 0xc4e82fcc62f220a42296c7a7801cf8608ab59674d72834b8b070f15afadc4889) (mime-type ""image/jpeg"") (name u""BTC ROCK #16 #1"") (number u1) (uri ""https://boom-nft-41369b66-36da-4442-be60-fff6d755b065.s3.amazonaws.com/66bf4e01-6c16-4ee9-991a-31bd248e0a12.jpeg"")))"
2021-09-12T05:02:51.000Z,29539,2332,SP497E7RX3233ATBS2AB9G4WTHB63X5PBSP5VGAQ.boom-nfts,mint-series,SPM6Q24H3R7FA3WE4690TQ2JQ6E125XZHP47HQYY,(ok (tuple (count u1) (ids (list u5245)) (series-id u967))),SPM6Q24H3R7FA3WE4690TQ2JQ6E125XZHP47HQYY,none,none,"u""BTC ROCK #16""",https://boom-nft-41369b66-36da-4442-be60-fff6d755b065.s3.amazonaws.com/5b826d61-b3c2-470c-a696-99208f8a0881.jpeg,image/jpeg,"(list (tuple (hash 0xc4e82fcc62f220a42296c7a7801cf8608ab59674d72834b8b070f15afadc4889) (mime-type ""image/jpeg"") (name u""BTC ROCK #16 #1"") (number u1) (uri ""https://boom-nft-41369b66-36da-4442-be60-fff6d755b065.s3.amazonaws.com/5b826d61-b3c2-470c-a696-99208f8a0881.jpeg"")))"
2021-09-16T14:19:24.000Z,30120,23320,SP497E7RX3233ATBS2AB9G4WTHB63X5PBSP5VGAQ.boom-nfts,mint-series,SPM6Q24H3R7FA3WE4690TQ2JQ6E125XZHP47HQYY,(ok (tuple (count u1) (ids (list u5352)) (series-id u998))),SPM6Q24H3R7FA3WE4690TQ2JQ6E125XZHP47HQYY,none,none,"u""BTC ROCK #17""",https://boom-nft-41369b66-36da-4442-be60-fff6d755b065.s3.amazonaws.com/f1de4c63-b732-4188-8efd-7e14fbc547f6.jpeg,image/jpeg,"(list (tuple (hash 0x9de13502a19fff0e8322c0f2ed5616a1f82b1bd51225693a36ebf2cdffe33726) (mime-type ""image/jpeg"") (name u""BTC ROCK #17 #1"") (number u1) (uri ""https://boom-nft-41369b66-36da-4442-be60-fff6d755b065.s3.amazonaws.com/f1de4c63-b732-4188-8efd-7e14fbc547f6.jpeg"")))"
2021-09-21T22:00:19.000Z,30793,233200,SP497E7RX3233ATBS2AB9G4WTHB63X5PBSP5VGAQ.boom-nfts,mint-series,SPM6Q24H3R7FA3WE4690TQ2JQ6E125XZHP47HQYY,(ok (tuple (count u1) (ids (list u5439)) (series-id u1029))),SPM6Q24H3R7FA3WE4690TQ2JQ6E125XZHP47HQYY,none,none,"u""BTC ROCK #18""",https://boom-nft-41369b66-36da-4442-be60-fff6d755b065.s3.amazonaws.com/945e3ed1-4226-49ce-9d73-b58bda2e7752.jpeg,image/jpeg,"(list (tuple (hash 0x4c9ce20d87582de5e48c3e283ec8910f5c87b121933c832ba4d8bcdc67a200f2) (mime-type ""image/jpeg"") (name u""BTC ROCK #18 #1"") (number u1) (uri ""https://boom-nft-41369b66-36da-4442-be60-fff6d755b065.s3.amazonaws.com/945e3ed1-4226-49ce-9d73-b58bda2e7752.jpeg"")))"
2021-09-15T05:38:47.000Z,29959,23320,SP497E7RX3233ATBS2AB9G4WTHB63X5PBSP5VGAQ.boom-nfts,mint-series,SPM6Q24H3R7FA3WE4690TQ2JQ6E125XZHP47HQYY,(ok (tuple (count u1) (ids (list u5329)) (series-id u989))),SPM6Q24H3R7FA3WE4690TQ2JQ6E125XZHP47HQYY,none,none,"u""BTC ROCK #19""",https://boom-nft-41369b66-36da-4442-be60-fff6d755b065.s3.amazonaws.com/e7c5eba4-60b3-4458-b85a-2d9052c7f76c.jpeg,image/jpeg,"(list (tuple (hash 0x8edf773e8ed03ee5d1851de9105c17a4d8aa4a513c49ea0ed5a9f80cdbb5f697) (mime-type ""image/jpeg"") (name u""BTC ROCK #19 #1"") (number u1) (uri ""https://boom-nft-41369b66-36da-4442-be60-fff6d755b065.s3.amazonaws.com/e7c5eba4-60b3-4458-b85a-2d9052c7f76c.jpeg"")))"
2021-09-10T10:06:57.000Z,29313,23240,SP497E7RX3233ATBS2AB9G4WTHB63X5PBSP5VGAQ.boom-nfts,mint-series,SPM6Q24H3R7FA3WE4690TQ2JQ6E125XZHP47HQYY,(ok (tuple (count u1) (ids (list u5201)) (series-id u945))),SPM6Q24H3R7FA3WE4690TQ2JQ6E125XZHP47HQYY,none,none,"u""BTC ROCK #2""",https://boom-nft-41369b66-36da-4442-be60-fff6d755b065.s3.amazonaws.com/251e2026-8e42-4efb-b056-e05df6b4d56b.jpeg,image/jpeg,"(list (tuple (hash 0x57f85926523a7c5b69eccc7f6690f78eaf8e47b14fd96f275c07645783eb8862) (mime-type ""image/jpeg"") (name u""BTC ROCK #2 #1"") (number u1) (uri ""https://boom-nft-41369b66-36da-4442-be60-fff6d755b065.s3.amazonaws.com/251e2026-8e42-4efb-b056-e05df6b4d56b.jpeg"")))"
2021-09-15T05:59:25.000Z,29960,23320,SP497E7RX3233ATBS2AB9G4WTHB63X5PBSP5VGAQ.boom-nfts,mint-series,SPM6Q24H3R7FA3WE4690TQ2JQ6E125XZHP47HQYY,(ok (tuple (count u1) (ids (list u5330)) (series-id u990))),SPM6Q24H3R7FA3WE4690TQ2JQ6E125XZHP47HQYY,none,none,"u""BTC ROCK #20""",https://boom-nft-41369b66-36da-4442-be60-fff6d755b065.s3.amazonaws.com/6a382a49-6dda-4cc2-82f7-b87504176cf3.jpeg,image/jpeg,"(list (tuple (hash 0xba2e998afe000e2db6609d79fd7edcfe304c406be0529eebae30fdfde78572cb) (mime-type ""image/jpeg"") (name u""BTC ROCK #20 #1"") (number u1) (uri ""https://boom-nft-41369b66-36da-4442-be60-fff6d755b065.s3.amazonaws.com/6a382a49-6dda-4cc2-82f7-b87504176cf3.jpeg"")))"
2021-09-19T22:11:16.000Z,30558,241200,SP497E7RX3233ATBS2AB9G4WTHB63X5PBSP5VGAQ.boom-nfts,mint-series,SP8Q8QHDCZFG661H8431T2B1WX1FBD7PH76ZY1EF,(ok (tuple (count u1) (ids (list u5404)) (series-id u1012))),SP8Q8QHDCZFG661H8431T2B1WX1FBD7PH76ZY1EF,none,none,"u""BTC Rock #22 Precious """,https://boom-nft-41369b66-36da-4442-be60-fff6d755b065.s3.amazonaws.com/db2cde8f-ac65-4d4e-baf2-b2ddde160686.jpeg,image/jpeg,"(list (tuple (hash 0xbe3a1f388ad3d94686041433a49789d16931fd692a5627d756f38740b84e7910) (mime-type ""image/jpeg"") (name u""BTC Rock #22 Precious  #1"") (number u1) (uri ""https://boom-nft-41369b66-36da-4442-be60-fff6d755b065.s3.amazonaws.com/db2cde8f-ac65-4d4e-baf2-b2ddde160686.jpeg"")))"
2021-09-19T23:53:43.000Z,30563,240400,SP497E7RX3233ATBS2AB9G4WTHB63X5PBSP5VGAQ.boom-nfts,mint-series,SP8Q8QHDCZFG661H8431T2B1WX1FBD7PH76ZY1EF,(ok (tuple (count u1) (ids (list u5405)) (series-id u1013))),SP8Q8QHDCZFG661H8431T2B1WX1FBD7PH76ZY1EF,none,none,"u""BTC Rock #23 Bloodred""",https://boom-nft-41369b66-36da-4442-be60-fff6d755b065.s3.amazonaws.com/ac9e22aa-718a-47ff-abe9-6c4fad3c260a.jpeg,image/jpeg,"(list (tuple (hash 0xd4d0e8460dbc7638610d267b7da83bf1724c277719a0900aff15448b272bd66d) (mime-type ""image/jpeg"") (name u""BTC Rock #23 Bloodred #1"") (number u1) (uri ""https://boom-nft-41369b66-36da-4442-be60-fff6d755b065.s3.amazonaws.com/ac9e22aa-718a-47ff-abe9-6c4fad3c260a.jpeg"")))"
2021-09-21T07:24:03.000Z,30730,243600,SP497E7RX3233ATBS2AB9G4WTHB63X5PBSP5VGAQ.boom-nfts,mint-series,SP8Q8QHDCZFG661H8431T2B1WX1FBD7PH76ZY1EF,(ok (tuple (count u1) (ids (list u5423)) (series-id u1022))),SP8Q8QHDCZFG661H8431T2B1WX1FBD7PH76ZY1EF,none,none,"u""BTC Rock #24 Purple Perky""",https://boom-nft-41369b66-36da-4442-be60-fff6d755b065.s3.amazonaws.com/74c7944f-c2b3-4a10-bf49-a963f29ae1f9.jpeg,image/jpeg,"(list (tuple (hash 0xc42c24d3bbefa7a3dd7313b2a1acf7b642eef4a8774845f937a09619fde1fb3b) (mime-type ""image/jpeg"") (name u""BTC Rock #24 Purple Perky #1"") (number u1) (uri ""https://boom-nft-41369b66-36da-4442-be60-fff6d755b065.s3.amazonaws.com/74c7944f-c2b3-4a10-bf49-a963f29ae1f9.jpeg"")))"
2021-09-21T02:13:41.000Z,30712,246000,SP497E7RX3233ATBS2AB9G4WTHB63X5PBSP5VGAQ.boom-nfts,mint-series,SP8Q8QHDCZFG661H8431T2B1WX1FBD7PH76ZY1EF,(ok (tuple (count u1) (ids (list u5422)) (series-id u1021))),SP8Q8QHDCZFG661H8431T2B1WX1FBD7PH76ZY1EF,none,none,"u""BTC Rock #25 Marmalade Green""",https://boom-nft-41369b66-36da-4442-be60-fff6d755b065.s3.amazonaws.com/2e75a80c-42f8-41e7-9325-fabb079318ee.jpeg,image/jpeg,"(list (tuple (hash 0xa618080c8cd3147a1c5e9e3cd84d63bc94eaac50089139a11472ea43b11ab14b) (mime-type ""image/jpeg"") (name u""BTC Rock #25 Marmalade Green #1"") (number u1) (uri ""https://boom-nft-41369b66-36da-4442-be60-fff6d755b065.s3.amazonaws.com/2e75a80c-42f8-41e7-9325-fabb079318ee.jpeg"")))"
2021-09-20T00:46:10.000Z,30566,246000,SP497E7RX3233ATBS2AB9G4WTHB63X5PBSP5VGAQ.boom-nfts,mint-series,SP8Q8QHDCZFG661H8431T2B1WX1FBD7PH76ZY1EF,(ok (tuple (count u1) (ids (list u5406)) (series-id u1014))),SP8Q8QHDCZFG661H8431T2B1WX1FBD7PH76ZY1EF,none,none,"u""BTC Rock #26 Above and Below""",https://boom-nft-41369b66-36da-4442-be60-fff6d755b065.s3.amazonaws.com/e51f4859-904d-4e4d-9233-75be97255f7f.jpeg,image/jpeg,"(list (tuple (hash 0x3009baca509c5feb6a7c0d55d58199dbfb46e962e0bf4f1f033094d829366815) (mime-type ""image/jpeg"") (name u""BTC Rock #26 Above and Below #1"") (number u1) (uri ""https://boom-nft-41369b66-36da-4442-be60-fff6d755b065.s3.amazonaws.com/e51f4859-904d-4e4d-9233-75be97255f7f.jpeg"")))"
2021-09-22T04:53:51.000Z,30827,241200,SP497E7RX3233ATBS2AB9G4WTHB63X5PBSP5VGAQ.boom-nfts,mint-series,SP8Q8QHDCZFG661H8431T2B1WX1FBD7PH76ZY1EF,(ok (tuple (count u1) (ids (list u5459)) (series-id u1034))),SP8Q8QHDCZFG661H8431T2B1WX1FBD7PH76ZY1EF,none,none,"u""BTC Rock #27 Chameleon""",https://boom-nft-41369b66-36da-4442-be60-fff6d755b065.s3.amazonaws.com/251e0a1f-50ca-4d9a-bed1-42726c233672.jpeg,image/jpeg,"(list (tuple (hash 0x8ef5d00314438b70e22b1d67642ce4b5114bd9f6e4ed1396d396b3199d6d5cd8) (mime-type ""image/jpeg"") (name u""BTC Rock #27 Chameleon #1"") (number u1) (uri ""https://boom-nft-41369b66-36da-4442-be60-fff6d755b065.s3.amazonaws.com/251e0a1f-50ca-4d9a-bed1-42726c233672.jpeg"")))"
2021-09-21T07:24:03.000Z,30730,245200,SP497E7RX3233ATBS2AB9G4WTHB63X5PBSP5VGAQ.boom-nfts,mint-series,SP8Q8QHDCZFG661H8431T2B1WX1FBD7PH76ZY1EF,(ok (tuple (count u1) (ids (list u5424)) (series-id u1023))),SP8Q8QHDCZFG661H8431T2B1WX1FBD7PH76ZY1EF,none,none,"u""BTC Rock #28 Golden Threads""",https://boom-nft-41369b66-36da-4442-be60-fff6d755b065.s3.amazonaws.com/c2379808-40a3-45af-a20d-7ecf7ba45a44.jpeg,image/jpeg,"(list (tuple (hash 0x0300a3f7ddee9718ccbfd1dc744d15492f1842d629c7bba9b12cc5ec03ca9177) (mime-type ""image/jpeg"") (name u""BTC Rock #28 Golden Threads #1"") (number u1) (uri ""https://boom-nft-41369b66-36da-4442-be60-fff6d755b065.s3.amazonaws.com/c2379808-40a3-45af-a20d-7ecf7ba45a44.jpeg"")))"
2021-09-21T07:47:48.000Z,30731,242000,SP497E7RX3233ATBS2AB9G4WTHB63X5PBSP5VGAQ.boom-nfts,mint-series,SP8Q8QHDCZFG661H8431T2B1WX1FBD7PH76ZY1EF,(ok (tuple (count u1) (ids (list u5425)) (series-id u1024))),SP8Q8QHDCZFG661H8431T2B1WX1FBD7PH76ZY1EF,none,none,"u""BTC Rock #29 Matrix 101""",https://boom-nft-41369b66-36da-4442-be60-fff6d755b065.s3.amazonaws.com/65e9c4e7-24a8-471b-a417-623d60206725.jpeg,image/jpeg,"(list (tuple (hash 0x3af3d6cd3f95f7e341c8f6b0241269a508f01dbaca461ea85d2fe6aa418fa6d3) (mime-type ""image/jpeg"") (name u""BTC Rock #29 Matrix 101 #1"") (number u1) (uri ""https://boom-nft-41369b66-36da-4442-be60-fff6d755b065.s3.amazonaws.com/65e9c4e7-24a8-471b-a417-623d60206725.jpeg"")))"
2021-09-10T13:51:21.000Z,29330,23240,SP497E7RX3233ATBS2AB9G4WTHB63X5PBSP5VGAQ.boom-nfts,mint-series,SPM6Q24H3R7FA3WE4690TQ2JQ6E125XZHP47HQYY,(ok (tuple (count u1) (ids (list u5202)) (series-id u946))),SPM6Q24H3R7FA3WE4690TQ2JQ6E125XZHP47HQYY,none,none,"u""BTC ROCK #3""",https://boom-nft-41369b66-36da-4442-be60-fff6d755b065.s3.amazonaws.com/6a36a3a8-4239-4402-8bb9-cafb9c6dc96c.jpeg,image/jpeg,"(list (tuple (hash 0x23615b0cb46d9f84deac376b7c1e66180d095d8a39ad21c903231ba35c2a6d8d) (mime-type ""image/jpeg"") (name u""BTC ROCK #3 #1"") (number u1) (uri ""https://boom-nft-41369b66-36da-4442-be60-fff6d755b065.s3.amazonaws.com/6a36a3a8-4239-4402-8bb9-cafb9c6dc96c.jpeg"")))"
2021-09-22T04:40:08.000Z,30825,238000,SP497E7RX3233ATBS2AB9G4WTHB63X5PBSP5VGAQ.boom-nfts,mint-series,SP8Q8QHDCZFG661H8431T2B1WX1FBD7PH76ZY1EF,(ok (tuple (count u1) (ids (list u5458)) (series-id u1033))),SP8Q8QHDCZFG661H8431T2B1WX1FBD7PH76ZY1EF,none,none,"u""BTC Rock #30 Funky""",https://boom-nft-41369b66-36da-4442-be60-fff6d755b065.s3.amazonaws.com/8baee278-3d2f-480b-9273-49c9f2b6e9ab.jpeg,image/jpeg,"(list (tuple (hash 0x57669a8595c2f851d2bdc159e22af0e29f4a974eb455e25d895ed8492e197aab) (mime-type ""image/jpeg"") (name u""BTC Rock #30 Funky #1"") (number u1) (uri ""https://boom-nft-41369b66-36da-4442-be60-fff6d755b065.s3.amazonaws.com/8baee278-3d2f-480b-9273-49c9f2b6e9ab.jpeg"")))"
2021-09-22T05:12:01.000Z,30828,242000,SP497E7RX3233ATBS2AB9G4WTHB63X5PBSP5VGAQ.boom-nfts,mint-series,SP8Q8QHDCZFG661H8431T2B1WX1FBD7PH76ZY1EF,(ok (tuple (count u1) (ids (list u5460)) (series-id u1035))),SP8Q8QHDCZFG661H8431T2B1WX1FBD7PH76ZY1EF,none,none,"u""BTC Rock #31 Chemical X""",https://boom-nft-41369b66-36da-4442-be60-fff6d755b065.s3.amazonaws.com/d385bd52-1399-437b-b633-4de88b11b612.jpeg,image/jpeg,"(list (tuple (hash 0x71d573ae788a5b01a3a7bfaa821d686b80e364f20384f425ffaa055a2c2d30ad) (mime-type ""image/jpeg"") (name u""BTC Rock #31 Chemical X #1"") (number u1) (uri ""https://boom-nft-41369b66-36da-4442-be60-fff6d755b065.s3.amazonaws.com/d385bd52-1399-437b-b633-4de88b11b612.jpeg"")))"
2021-09-22T05:12:01.000Z,30828,239600,SP497E7RX3233ATBS2AB9G4WTHB63X5PBSP5VGAQ.boom-nfts,mint-series,SP8Q8QHDCZFG661H8431T2B1WX1FBD7PH76ZY1EF,(ok (tuple (count u1) (ids (list u5461)) (series-id u1036))),SP8Q8QHDCZFG661H8431T2B1WX1FBD7PH76ZY1EF,none,none,"u""BTC Rock #32 Earth 2""",https://boom-nft-41369b66-36da-4442-be60-fff6d755b065.s3.amazonaws.com/69b74255-b030-498f-8622-b036dc00617a.jpeg,image/jpeg,"(list (tuple (hash 0xc19883308000a7379dc2aa799e1dfe7ce316413eccbcfc5f615b27a3245fe1a9) (mime-type ""image/jpeg"") (name u""BTC Rock #32 Earth 2 #1"") (number u1) (uri ""https://boom-nft-41369b66-36da-4442-be60-fff6d755b065.s3.amazonaws.com/69b74255-b030-498f-8622-b036dc00617a.jpeg"")))"
2021-09-22T05:16:42.000Z,30829,248400,SP497E7RX3233ATBS2AB9G4WTHB63X5PBSP5VGAQ.boom-nfts,mint-series,SP8Q8QHDCZFG661H8431T2B1WX1FBD7PH76ZY1EF,(ok (tuple (count u1) (ids (list u5462)) (series-id u1037))),SP8Q8QHDCZFG661H8431T2B1WX1FBD7PH76ZY1EF,none,none,"u""BTC Rock #33 El Salvador's Rock""",https://boom-nft-41369b66-36da-4442-be60-fff6d755b065.s3.amazonaws.com/3890ddfc-8234-4296-817d-67ca1b4642e1.jpeg,image/jpeg,"(list (tuple (hash 0xd0999bf6ee80b2c3617b57a3aa5c5ead5570449e35053f7f462b018d01913fd5) (mime-type ""image/jpeg"") (name u""BTC Rock #33 El Salvador's Rock #1"") (number u1) (uri ""https://boom-nft-41369b66-36da-4442-be60-fff6d755b065.s3.amazonaws.com/3890ddfc-8234-4296-817d-67ca1b4642e1.jpeg"")))"
2021-09-22T05:16:42.000Z,30829,244400,SP497E7RX3233ATBS2AB9G4WTHB63X5PBSP5VGAQ.boom-nfts,mint-series,SP8Q8QHDCZFG661H8431T2B1WX1FBD7PH76ZY1EF,(ok (tuple (count u1) (ids (list u5463)) (series-id u1038))),SP8Q8QHDCZFG661H8431T2B1WX1FBD7PH76ZY1EF,none,none,"u""BTC Rock #34 Dark Sapphire""",https://boom-nft-41369b66-36da-4442-be60-fff6d755b065.s3.amazonaws.com/ade530ad-c0a9-4621-8b80-033a0c2b00f9.jpeg,image/jpeg,"(list (tuple (hash 0xfa2a8854a9db6bf1f6bf7778a48bab24bcd09cd946e33a1e89199e5488114008) (mime-type ""image/jpeg"") (name u""BTC Rock #34 Dark Sapphire #1"") (number u1) (uri ""https://boom-nft-41369b66-36da-4442-be60-fff6d755b065.s3.amazonaws.com/ade530ad-c0a9-4621-8b80-033a0c2b00f9.jpeg"")))"
2021-09-22T05:41:19.000Z,30831,246800,SP497E7RX3233ATBS2AB9G4WTHB63X5PBSP5VGAQ.boom-nfts,mint-series,SP8Q8QHDCZFG661H8431T2B1WX1FBD7PH76ZY1EF,(ok (tuple (count u1) (ids (list u5464)) (series-id u1039))),SP8Q8QHDCZFG661H8431T2B1WX1FBD7PH76ZY1EF,none,none,"u""BTC Rock #35 Mooning Martian """,https://boom-nft-41369b66-36da-4442-be60-fff6d755b065.s3.amazonaws.com/0e1a0982-bbdd-4593-bfc0-bdff70e0d1a4.jpeg,image/jpeg,"(list (tuple (hash 0xbb72666c5adb31d1e6ae98d6a263c9b2b0cbef0b4e3dcdfb49d5fcab51492b9c) (mime-type ""image/jpeg"") (name u""BTC Rock #35 Mooning Martian  #1"") (number u1) (uri ""https://boom-nft-41369b66-36da-4442-be60-fff6d755b065.s3.amazonaws.com/0e1a0982-bbdd-4593-bfc0-bdff70e0d1a4.jpeg"")))"
2021-09-28T18:39:28.000Z,31663,24120,SP497E7RX3233ATBS2AB9G4WTHB63X5PBSP5VGAQ.boom-nfts,mint-series,SP8Q8QHDCZFG661H8431T2B1WX1FBD7PH76ZY1EF,(ok (tuple (count u1) (ids (list u5536)) (series-id u1084))),SP8Q8QHDCZFG661H8431T2B1WX1FBD7PH76ZY1EF,none,none,"u""BTC Rock #36 Mediorite""",https://boom-nft-41369b66-36da-4442-be60-fff6d755b065.s3.amazonaws.com/3d31eff2-9b88-4664-842d-8109b50e2c55.jpeg,image/jpeg,"(list (tuple (hash 0x445fa0d5ca539dc84566b031f1b83f36d1e2165f68b1148afe80064790ab4336) (mime-type ""image/jpeg"") (name u""BTC Rock #36 Mediorite #1"") (number u1) (uri ""https://boom-nft-41369b66-36da-4442-be60-fff6d755b065.s3.amazonaws.com/3d31eff2-9b88-4664-842d-8109b50e2c55.jpeg"")))"
2021-09-28T18:39:28.000Z,31663,24120,SP497E7RX3233ATBS2AB9G4WTHB63X5PBSP5VGAQ.boom-nfts,mint-series,SP8Q8QHDCZFG661H8431T2B1WX1FBD7PH76ZY1EF,(ok (tuple (count u1) (ids (list u5537)) (series-id u1085))),SP8Q8QHDCZFG661H8431T2B1WX1FBD7PH76ZY1EF,none,none,"u""BTC Rock #37 Vibranium""",https://boom-nft-41369b66-36da-4442-be60-fff6d755b065.s3.amazonaws.com/3ffeae3d-a96e-4035-98b5-0da4a6305f1f.jpeg,image/jpeg,"(list (tuple (hash 0x699374c2e70ee6812f3ed4b5eb41fae97d72df8a7fbc8e42b1604a41df98bd50) (mime-type ""image/jpeg"") (name u""BTC Rock #37 Vibranium #1"") (number u1) (uri ""https://boom-nft-41369b66-36da-4442-be60-fff6d755b065.s3.amazonaws.com/3ffeae3d-a96e-4035-98b5-0da4a6305f1f.jpeg"")))"
2021-09-28T18:39:28.000Z,31663,24040,SP497E7RX3233ATBS2AB9G4WTHB63X5PBSP5VGAQ.boom-nfts,mint-series,SP8Q8QHDCZFG661H8431T2B1WX1FBD7PH76ZY1EF,(ok (tuple (count u1) (ids (list u5538)) (series-id u1086))),SP8Q8QHDCZFG661H8431T2B1WX1FBD7PH76ZY1EF,none,none,"u""BTC Rock #38 Sub-Zero""",https://boom-nft-41369b66-36da-4442-be60-fff6d755b065.s3.amazonaws.com/3d945868-a02c-4860-a0f3-960b79b71215.jpeg,image/jpeg,"(list (tuple (hash 0x5b2396bb2230f86feb22765d340b338816067315cde90bf2967ed58f25db88f3) (mime-type ""image/jpeg"") (name u""BTC Rock #38 Sub-Zero #1"") (number u1) (uri ""https://boom-nft-41369b66-36da-4442-be60-fff6d755b065.s3.amazonaws.com/3d945868-a02c-4860-a0f3-960b79b71215.jpeg"")))"
2021-09-28T18:39:28.000Z,31663,24440,SP497E7RX3233ATBS2AB9G4WTHB63X5PBSP5VGAQ.boom-nfts,mint-series,SP8Q8QHDCZFG661H8431T2B1WX1FBD7PH76ZY1EF,(ok (tuple (count u1) (ids (list u5539)) (series-id u1087))),SP8Q8QHDCZFG661H8431T2B1WX1FBD7PH76ZY1EF,none,none,"u""BTC Rock #39 Da Vinci Rock""",https://boom-nft-41369b66-36da-4442-be60-fff6d755b065.s3.amazonaws.com/f4b2c76e-968a-4127-abf7-ccfdf05d5cba.jpeg,image/jpeg,"(list (tuple (hash 0xfc2a668377c7d5020c9043ebd0c8ab612c31e8721083f87021929500651bd435) (mime-type ""image/jpeg"") (name u""BTC Rock #39 Da Vinci Rock #1"") (number u1) (uri ""https://boom-nft-41369b66-36da-4442-be60-fff6d755b065.s3.amazonaws.com/f4b2c76e-968a-4127-abf7-ccfdf05d5cba.jpeg"")))"
2021-09-21T21:32:28.000Z,30791,232400,SP497E7RX3233ATBS2AB9G4WTHB63X5PBSP5VGAQ.boom-nfts,mint-series,SPM6Q24H3R7FA3WE4690TQ2JQ6E125XZHP47HQYY,(ok (tuple (count u1) (ids (list u5438)) (series-id u1028))),SPM6Q24H3R7FA3WE4690TQ2JQ6E125XZHP47HQYY,none,none,"u""BTC ROCK #4""",https://boom-nft-41369b66-36da-4442-be60-fff6d755b065.s3.amazonaws.com/5e91df20-9457-4491-956c-a909e1bb01de.jpeg,image/jpeg,"(list (tuple (hash 0xc3cb38d54444ac96d5ddd65ba99592339085a429ea70e52d4480744fdc17857d) (mime-type ""image/jpeg"") (name u""BTC ROCK #4 #1"") (number u1) (uri ""https://boom-nft-41369b66-36da-4442-be60-fff6d755b065.s3.amazonaws.com/5e91df20-9457-4491-956c-a909e1bb01de.jpeg"")))"
2021-09-21T17:53:11.000Z,30779,232400,SP497E7RX3233ATBS2AB9G4WTHB63X5PBSP5VGAQ.boom-nfts,mint-series,SP8Q8QHDCZFG661H8431T2B1WX1FBD7PH76ZY1EF,(ok (tuple (count u1) (ids (list u5426)) (series-id u1025))),SP8Q8QHDCZFG661H8431T2B1WX1FBD7PH76ZY1EF,none,none,"u""BTC ROCK #4""",https://boom-nft-41369b66-36da-4442-be60-fff6d755b065.s3.amazonaws.com/90ee3cf2-a5e2-4244-bb9a-29e77e38e0d0.jpeg,image/jpeg,"(list (tuple (hash 0xc3cb38d54444ac96d5ddd65ba99592339085a429ea70e52d4480744fdc17857d) (mime-type ""image/jpeg"") (name u""BTC ROCK #4 #1"") (number u1) (uri ""https://boom-nft-41369b66-36da-4442-be60-fff6d755b065.s3.amazonaws.com/90ee3cf2-a5e2-4244-bb9a-29e77e38e0d0.jpeg"")))"
2021-09-28T18:39:28.000Z,31663,24600,SP497E7RX3233ATBS2AB9G4WTHB63X5PBSP5VGAQ.boom-nfts,mint-series,SP8Q8QHDCZFG661H8431T2B1WX1FBD7PH76ZY1EF,(ok (tuple (count u1) (ids (list u5540)) (series-id u1088))),SP8Q8QHDCZFG661H8431T2B1WX1FBD7PH76ZY1EF,none,none,"u""BTC Rock #40 Satoshi's Rock """,https://boom-nft-41369b66-36da-4442-be60-fff6d755b065.s3.amazonaws.com/28413b60-a625-430e-9e40-42b3cea03da1.jpeg,image/jpeg,"(list (tuple (hash 0x275f5be7e48d1c481308a41d3290eca617519384da09b17eff380b0947978cbc) (mime-type ""image/jpeg"") (name u""BTC Rock #40 Satoshi's Rock  #1"") (number u1) (uri ""https://boom-nft-41369b66-36da-4442-be60-fff6d755b065.s3.amazonaws.com/28413b60-a625-430e-9e40-42b3cea03da1.jpeg"")))"
2021-09-28T18:39:28.000Z,31663,24680,SP497E7RX3233ATBS2AB9G4WTHB63X5PBSP5VGAQ.boom-nfts,mint-series,SP8Q8QHDCZFG661H8431T2B1WX1FBD7PH76ZY1EF,(ok (tuple (count u1) (ids (list u5541)) (series-id u1089))),SP8Q8QHDCZFG661H8431T2B1WX1FBD7PH76ZY1EF,none,none,"u""BTC Rock #41 Extraterrestrial""",https://boom-nft-41369b66-36da-4442-be60-fff6d755b065.s3.amazonaws.com/cca5bae1-9952-4a59-b61a-91d7f718a052.jpeg,image/jpeg,"(list (tuple (hash 0xcc858c568e93021c7e88c2be832edb1fbb6574d9c1b7357b51f97c983f21d3a6) (mime-type ""image/jpeg"") (name u""BTC Rock #41 Extraterrestrial #1"") (number u1) (uri ""https://boom-nft-41369b66-36da-4442-be60-fff6d755b065.s3.amazonaws.com/cca5bae1-9952-4a59-b61a-91d7f718a052.jpeg"")))"
2021-09-28T18:39:28.000Z,31663,23720,SP497E7RX3233ATBS2AB9G4WTHB63X5PBSP5VGAQ.boom-nfts,mint-series,SP8Q8QHDCZFG661H8431T2B1WX1FBD7PH76ZY1EF,(ok (tuple (count u1) (ids (list u5542)) (series-id u1090))),SP8Q8QHDCZFG661H8431T2B1WX1FBD7PH76ZY1EF,none,none,"u""BTC Rock #42 CAGE""",https://boom-nft-41369b66-36da-4442-be60-fff6d755b065.s3.amazonaws.com/bfa78a53-bb2c-4924-af8d-4c6ddf7a586e.jpeg,image/jpeg,"(list (tuple (hash 0x085e625adc1e4fb5164b881b61487b5364993a45419d8a25cb599688bfb5c4e3) (mime-type ""image/jpeg"") (name u""BTC Rock #42 CAGE #1"") (number u1) (uri ""https://boom-nft-41369b66-36da-4442-be60-fff6d755b065.s3.amazonaws.com/bfa78a53-bb2c-4924-af8d-4c6ddf7a586e.jpeg"")))"
2021-09-28T18:39:28.000Z,31663,24040,SP497E7RX3233ATBS2AB9G4WTHB63X5PBSP5VGAQ.boom-nfts,mint-series,SP8Q8QHDCZFG661H8431T2B1WX1FBD7PH76ZY1EF,(ok (tuple (count u1) (ids (list u5543)) (series-id u1091))),SP8Q8QHDCZFG661H8431T2B1WX1FBD7PH76ZY1EF,none,none,"u""BTC Rock #43 Blazing """,https://boom-nft-41369b66-36da-4442-be60-fff6d755b065.s3.amazonaws.com/f0872077-3b7e-4147-be9d-80eeb81c846d.jpeg,image/jpeg,"(list (tuple (hash 0xa47b72770851a41f912f8a70bc26afe4c3d914d97c728441c00270f25aa134ae) (mime-type ""image/jpeg"") (name u""BTC Rock #43 Blazing  #1"") (number u1) (uri ""https://boom-nft-41369b66-36da-4442-be60-fff6d755b065.s3.amazonaws.com/f0872077-3b7e-4147-be9d-80eeb81c846d.jpeg"")))"
2021-09-28T18:39:28.000Z,31663,24440,SP497E7RX3233ATBS2AB9G4WTHB63X5PBSP5VGAQ.boom-nfts,mint-series,SP8Q8QHDCZFG661H8431T2B1WX1FBD7PH76ZY1EF,(ok (tuple (count u1) (ids (list u5544)) (series-id u1092))),SP8Q8QHDCZFG661H8431T2B1WX1FBD7PH76ZY1EF,none,none,"u""BTC Rock #44 Zombie/Undead""",https://boom-nft-41369b66-36da-4442-be60-fff6d755b065.s3.amazonaws.com/8084d8d4-a601-4fa6-88da-59b138c71d2c.jpeg,image/jpeg,"(list (tuple (hash 0x390d8904d6b8a2a7fb541017c9b48badee568754c3bb22e462d9c552e1fc13ab) (mime-type ""image/jpeg"") (name u""BTC Rock #44 Zombie/Undead #1"") (number u1) (uri ""https://boom-nft-41369b66-36da-4442-be60-fff6d755b065.s3.amazonaws.com/8084d8d4-a601-4fa6-88da-59b138c71d2c.jpeg"")))"
2021-09-28T18:39:28.000Z,31663,24440,SP497E7RX3233ATBS2AB9G4WTHB63X5PBSP5VGAQ.boom-nfts,mint-series,SP8Q8QHDCZFG661H8431T2B1WX1FBD7PH76ZY1EF,(ok (tuple (count u1) (ids (list u5545)) (series-id u1093))),SP8Q8QHDCZFG661H8431T2B1WX1FBD7PH76ZY1EF,none,none,"u""BTC Rock #45 Muneeb's Rock""",https://boom-nft-41369b66-36da-4442-be60-fff6d755b065.s3.amazonaws.com/4102facf-2e44-4896-859b-7aeb587953a3.jpeg,image/jpeg,"(list (tuple (hash 0x5ffc18d01c66b5965dec6adf6fa4a82c89409aac482af6cba428f7eb2410d7da) (mime-type ""image/jpeg"") (name u""BTC Rock #45 Muneeb's Rock #1"") (number u1) (uri ""https://boom-nft-41369b66-36da-4442-be60-fff6d755b065.s3.amazonaws.com/4102facf-2e44-4896-859b-7aeb587953a3.jpeg"")))"
2021-09-28T18:39:28.000Z,31663,24360,SP497E7RX3233ATBS2AB9G4WTHB63X5PBSP5VGAQ.boom-nfts,mint-series,SP8Q8QHDCZFG661H8431T2B1WX1FBD7PH76ZY1EF,(ok (tuple (count u1) (ids (list u5546)) (series-id u1094))),SP8Q8QHDCZFG661H8431T2B1WX1FBD7PH76ZY1EF,none,none,"u""BTC Rock #46 Magnum Glow """,https://boom-nft-41369b66-36da-4442-be60-fff6d755b065.s3.amazonaws.com/ad0f8d8d-ae34-42d2-b50a-6a4077bee4b9.jpeg,image/jpeg,"(list (tuple (hash 0xa11a717c59969c22bcc3031933bbe22f2a4445465c6339a01fb63c569ce3aeee) (mime-type ""image/jpeg"") (name u""BTC Rock #46 Magnum Glow  #1"") (number u1) (uri ""https://boom-nft-41369b66-36da-4442-be60-fff6d755b065.s3.amazonaws.com/ad0f8d8d-ae34-42d2-b50a-6a4077bee4b9.jpeg"")))"
2021-09-29T07:46:16.000Z,31735,24360,SP497E7RX3233ATBS2AB9G4WTHB63X5PBSP5VGAQ.boom-nfts,mint-series,SP8Q8QHDCZFG661H8431T2B1WX1FBD7PH76ZY1EF,(ok (tuple (count u1) (ids (list u5559)) (series-id u1098))),SP8Q8QHDCZFG661H8431T2B1WX1FBD7PH76ZY1EF,none,none,"u""BTC Rock #47 Blue Bitcoin""",https://boom-nft-41369b66-36da-4442-be60-fff6d755b065.s3.amazonaws.com/963193c3-94f5-4792-8e50-961674317cc2.jpeg,image/jpeg,"(list (tuple (hash 0xc0686271e3a21146bee3f58f1fc879ad689e5ead05d94a587f2ecb59afd0050a) (mime-type ""image/jpeg"") (name u""BTC Rock #47 Blue Bitcoin #1"") (number u1) (uri ""https://boom-nft-41369b66-36da-4442-be60-fff6d755b065.s3.amazonaws.com/963193c3-94f5-4792-8e50-961674317cc2.jpeg"")))"
2021-09-29T07:46:16.000Z,31735,24520,SP497E7RX3233ATBS2AB9G4WTHB63X5PBSP5VGAQ.boom-nfts,mint-series,SP8Q8QHDCZFG661H8431T2B1WX1FBD7PH76ZY1EF,(ok (tuple (count u1) (ids (list u5560)) (series-id u1099))),SP8Q8QHDCZFG661H8431T2B1WX1FBD7PH76ZY1EF,none,none,"u""BTC Rock #48 Explored Waves""",https://boom-nft-41369b66-36da-4442-be60-fff6d755b065.s3.amazonaws.com/80bf0041-22ce-47ed-a8a3-4e5dbbd17f74.jpeg,image/jpeg,"(list (tuple (hash 0xda4ed5eac355ad51cd964b6309b503e067e1ec8d747b73f6b593207e6a236852) (mime-type ""image/jpeg"") (name u""BTC Rock #48 Explored Waves #1"") (number u1) (uri ""https://boom-nft-41369b66-36da-4442-be60-fff6d755b065.s3.amazonaws.com/80bf0041-22ce-47ed-a8a3-4e5dbbd17f74.jpeg"")))"
2021-09-30T19:57:14.000Z,31924,24600,SP497E7RX3233ATBS2AB9G4WTHB63X5PBSP5VGAQ.boom-nfts,mint-series,SP8Q8QHDCZFG661H8431T2B1WX1FBD7PH76ZY1EF,(ok (tuple (count u1) (ids (list u5593)) (series-id u1115))),SP8Q8QHDCZFG661H8431T2B1WX1FBD7PH76ZY1EF,none,none,"u""BTC Rock #49 Galactic Saucer""",https://boom-nft-41369b66-36da-4442-be60-fff6d755b065.s3.amazonaws.com/c8662fa6-6ff7-4d7a-a6c3-6614c3fb9d56.jpeg,image/jpeg,"(list (tuple (hash 0x0938095f0726972e9eb2e241b41fcc1a18b38ec43ae90f13e8d0a280fb8506b7) (mime-type ""image/jpeg"") (name u""BTC Rock #49 Galactic Saucer #1"") (number u1) (uri ""https://boom-nft-41369b66-36da-4442-be60-fff6d755b065.s3.amazonaws.com/c8662fa6-6ff7-4d7a-a6c3-6614c3fb9d56.jpeg"")))"
2021-09-10T19:04:09.000Z,29356,2324,SP497E7RX3233ATBS2AB9G4WTHB63X5PBSP5VGAQ.boom-nfts,mint-series,SPM6Q24H3R7FA3WE4690TQ2JQ6E125XZHP47HQYY,(ok (tuple (count u1) (ids (list u5204)) (series-id u948))),SPM6Q24H3R7FA3WE4690TQ2JQ6E125XZHP47HQYY,none,none,"u""BTC ROCK #5""",https://boom-nft-41369b66-36da-4442-be60-fff6d755b065.s3.amazonaws.com/99b142b5-092f-44ff-bbb3-3d51a81a695a.jpeg,image/jpeg,"(list (tuple (hash 0xc3cb38d54444ac96d5ddd65ba99592339085a429ea70e52d4480744fdc17857d) (mime-type ""image/jpeg"") (name u""BTC ROCK #5 #1"") (number u1) (uri ""https://boom-nft-41369b66-36da-4442-be60-fff6d755b065.s3.amazonaws.com/99b142b5-092f-44ff-bbb3-3d51a81a695a.jpeg"")))"
2021-09-30T19:51:27.000Z,31923,24120,SP497E7RX3233ATBS2AB9G4WTHB63X5PBSP5VGAQ.boom-nfts,mint-series,SP8Q8QHDCZFG661H8431T2B1WX1FBD7PH76ZY1EF,(ok (tuple (count u1) (ids (list u5592)) (series-id u1114))),SP8Q8QHDCZFG661H8431T2B1WX1FBD7PH76ZY1EF,none,none,"u""BTC Rock #50 Enchanted""",https://boom-nft-41369b66-36da-4442-be60-fff6d755b065.s3.amazonaws.com/9e36a811-96c5-4d85-9f36-9afd06483562.jpeg,image/jpeg,"(list (tuple (hash 0xb37911676890acac5ac4c98f445633b241171387571f313e184411a686e336b0) (mime-type ""image/jpeg"") (name u""BTC Rock #50 Enchanted #1"") (number u1) (uri ""https://boom-nft-41369b66-36da-4442-be60-fff6d755b065.s3.amazonaws.com/9e36a811-96c5-4d85-9f36-9afd06483562.jpeg"")))"
2021-09-10T19:04:09.000Z,29356,2324,SP497E7RX3233ATBS2AB9G4WTHB63X5PBSP5VGAQ.boom-nfts,mint-series,SPM6Q24H3R7FA3WE4690TQ2JQ6E125XZHP47HQYY,(ok (tuple (count u1) (ids (list u5203)) (series-id u947))),SPM6Q24H3R7FA3WE4690TQ2JQ6E125XZHP47HQYY,none,none,"u""BTC ROCK #6""",https://boom-nft-41369b66-36da-4442-be60-fff6d755b065.s3.amazonaws.com/ab99fc21-0175-4994-9fc2-c2cf07345b07.jpeg,image/jpeg,"(list (tuple (hash 0xa0df3278ac4627feaa561914427c55dd14ad6b2e42d8b48b1fd921483a946c8e) (mime-type ""image/jpeg"") (name u""BTC ROCK #6 #1"") (number u1) (uri ""https://boom-nft-41369b66-36da-4442-be60-fff6d755b065.s3.amazonaws.com/ab99fc21-0175-4994-9fc2-c2cf07345b07.jpeg"")))"
2021-09-12T05:00:05.000Z,29538,2324,SP497E7RX3233ATBS2AB9G4WTHB63X5PBSP5VGAQ.boom-nfts,mint-series,SPM6Q24H3R7FA3WE4690TQ2JQ6E125XZHP47HQYY,(ok (tuple (count u1) (ids (list u5236)) (series-id u958))),SPM6Q24H3R7FA3WE4690TQ2JQ6E125XZHP47HQYY,none,none,"u""BTC ROCK #7""",https://boom-nft-41369b66-36da-4442-be60-fff6d755b065.s3.amazonaws.com/9fee5d27-819f-4169-97d1-aa758000ff90.jpeg,image/jpeg,"(list (tuple (hash 0x637af09ddda2787a9d3f674e80905c9e6068ec567d50dc4f8f24fc5b2b4e4309) (mime-type ""image/jpeg"") (name u""BTC ROCK #7 #1"") (number u1) (uri ""https://boom-nft-41369b66-36da-4442-be60-fff6d755b065.s3.amazonaws.com/9fee5d27-819f-4169-97d1-aa758000ff90.jpeg"")))"
2021-09-12T05:00:05.000Z,29538,2324,SP497E7RX3233ATBS2AB9G4WTHB63X5PBSP5VGAQ.boom-nfts,mint-series,SPM6Q24H3R7FA3WE4690TQ2JQ6E125XZHP47HQYY,(ok (tuple (count u1) (ids (list u5237)) (series-id u959))),SPM6Q24H3R7FA3WE4690TQ2JQ6E125XZHP47HQYY,none,none,"u""BTC ROCK #8""",https://boom-nft-41369b66-36da-4442-be60-fff6d755b065.s3.amazonaws.com/5972bb80-6cc8-4c7c-963c-72eca90f4bf6.jpeg,image/jpeg,"(list (tuple (hash 0xdead4169d09f151e3588349f3c0477eda700785ca3378f5dbda26eefefaac2c6) (mime-type ""image/jpeg"") (name u""BTC ROCK #8 #1"") (number u1) (uri ""https://boom-nft-41369b66-36da-4442-be60-fff6d755b065.s3.amazonaws.com/5972bb80-6cc8-4c7c-963c-72eca90f4bf6.jpeg"")))"
2021-09-12T05:00:05.000Z,29538,2324,SP497E7RX3233ATBS2AB9G4WTHB63X5PBSP5VGAQ.boom-nfts,mint-series,SPM6Q24H3R7FA3WE4690TQ2JQ6E125XZHP47HQYY,(ok (tuple (count u1) (ids (list u5238)) (series-id u960))),SPM6Q24H3R7FA3WE4690TQ2JQ6E125XZHP47HQYY,none,none,"u""BTC ROCK #9""",https://boom-nft-41369b66-36da-4442-be60-fff6d755b065.s3.amazonaws.com/d9fd4a52-d667-4d62-97d3-98c228428cf8.jpeg,image/jpeg,"(list (tuple (hash 0xf52c34b62afb529319949ee9101c9142fedc4fe5ba2e335294749d940b93454e) (mime-type ""image/jpeg"") (name u""BTC ROCK #9 #1"") (number u1) (uri ""https://boom-nft-41369b66-36da-4442-be60-fff6d755b065.s3.amazonaws.com/d9fd4a52-d667-4d62-97d3-98c228428cf8.jpeg"")))"
2021-09-20T02:29:48.000Z,30578,840400,SP497E7RX3233ATBS2AB9G4WTHB63X5PBSP5VGAQ.boom-nfts,mint-series,SPM6Q24H3R7FA3WE4690TQ2JQ6E125XZHP47HQYY,(ok (tuple (count u1) (ids (list u5408)) (series-id u1016))),SPM6Q24H3R7FA3WE4690TQ2JQ6E125XZHP47HQYY,none,none,"u""BTC Rock#21 Atlantis """,https://boom-nft-41369b66-36da-4442-be60-fff6d755b065.s3.amazonaws.com/f00b8d8e-1d60-4b13-ab1f-f7730466444e.jpeg,image/jpeg,"(list (tuple (hash 0xcc027315a5d802ad75ea867228c6d3270edcb03bcab1e3333f610132a3834dcb) (mime-type ""image/jpeg"") (name u""BTC Rock#21 Atlantis  #1"") (number u1) (uri ""https://boom-nft-41369b66-36da-4442-be60-fff6d755b065.s3.amazonaws.com/f00b8d8e-1d60-4b13-ab1f-f7730466444e.jpeg"")))"
2021-09-19T22:11:16.000Z,30558,240400,SP497E7RX3233ATBS2AB9G4WTHB63X5PBSP5VGAQ.boom-nfts,mint-series,SP1DKW0QTVVWQT96W159BMDAFZB68R1SG6YWFN23T,(ok (tuple (count u1) (ids (list u5403)) (series-id u1011))),SP1DKW0QTVVWQT96W159BMDAFZB68R1SG6YWFN23T,none,none,"u""BTC Rock#21 Atlantis """,https://boom-nft-41369b66-36da-4442-be60-fff6d755b065.s3.amazonaws.com/bd7b0cbf-aa1b-4846-89d7-0f775bb601f7.jpeg,image/jpeg,"(list (tuple (hash 0xcc027315a5d802ad75ea867228c6d3270edcb03bcab1e3333f610132a3834dcb) (mime-type ""image/jpeg"") (name u""BTC Rock#21 Atlantis  #1"") (number u1) (uri ""https://boom-nft-41369b66-36da-4442-be60-fff6d755b065.s3.amazonaws.com/bd7b0cbf-aa1b-4846-89d7-0f775bb601f7.jpeg"")))"
